tracker_id,label,first_frame,last_frame,frame_count,avg_score
1,Euphausiacea,3,14,12,0.8255437860886257
2,Euphausiacea,10,42,21,0.6438742968298141
3,Nanomia bijuga,16,37,22,0.7191639921881937
4,Euphausiacea,48,85,38,0.8496018663833016
5,Nanomia bijuga,54,95,42,0.7541196502390362
6,Nanomia bijuga,62,220,158,0.8156870513022703
7,Euphausiacea,73,98,26,0.8158470140053675
8,sinker,94,170,75,0.484950588941574
9,Euphausiacea,119,123,5,0.8807482838630676
10,Ctenophora,136,211,76,0.5907284005692132
11,Euphausiacea,146,146,1,0.4369153082370758
12,Euphausiacea,153,161,9,0.8636053403218588
13,Euphausiacea,166,168,3,0.5154122561216354
14,Euphausiacea,167,218,52,0.8014287455723835
15,Euphausiacea,192,196,5,0.726417064666748
16,Euphausiacea,204,224,21,0.7711756087484813
17,Nanomia bijuga,223,223,1,0.5818520188331604
18,krill molt,229,236,3,0.41643033425013226
19,Euphausiacea,234,250,17,0.5654856965822334
20,Euphausiacea,244,257,14,0.7242748269012995
21,Euphausiacea,276,288,12,0.8405169397592543
23,Euphausiacea,286,289,4,0.47329476848244667
24,Euphausiacea,319,336,18,0.9088920652866364
25,Nanomia bijuga,323,330,5,0.42784730195999143
26,Euphausiacea,331,355,21,0.8014530312447322
27,Nanomia bijuga,348,379,28,0.6653840004333427
28,Euphausiacea,362,402,41,0.7557255102366935
29,Nanomia bijuga,409,450,42,0.5974056663967313
30,Euphausiacea,417,456,40,0.8727022588253023
31,Euphausiacea,439,469,31,0.8333945793490257
32,Euphausiacea,442,453,12,0.7963645408550899
33,Euphausiacea,444,464,21,0.857079117071061
34,Euphausiacea,473,505,33,0.8668316729141005
35,Euphausiacea,489,503,15,0.7357909063498179
36,Euphausiacea,498,530,29,0.6584101637889599
37,Euphausiacea,541,578,38,0.7775739603920985
38,Euphausiacea,549,554,6,0.5959072013696035
39,Euphausiacea,559,570,12,0.5858656590183576
40,Euphausiacea,559,560,2,0.7016547620296478
41,Euphausiacea,565,584,20,0.8031746149063111
42,Euphausiacea,577,579,3,0.7540624539057413
43,Nanomia bijuga,582,615,32,0.6489797895774246
44,Euphausiacea,593,611,19,0.8467413155656112
45,Euphausiacea,599,599,1,0.6134243011474609
46,Euphausiacea,606,629,24,0.7877718849728503
47,Euphausiacea,609,610,2,0.7639358341693878
48,Euphausiacea,618,631,13,0.7503863068727347
49,Appendicularia,620,640,21,0.7157016325564611
50,Euphausiacea,654,668,15,0.8876455624898275
51,Euphausiacea,656,664,9,0.7821885943412781
52,Euphausiacea,677,720,44,0.8150149001316591
53,Euphausiacea,709,709,1,0.7963123321533203
54,Euphausiacea,713,713,1,0.8262398838996887
55,Euphausiacea,720,720,1,0.8584729433059692
57,Euphausiacea,748,748,1,0.7894927263259888
58,Euphausiacea,765,772,8,0.6118541173636913
59,Euphausiacea,787,804,18,0.7687710722287496
60,Euphausiacea,796,804,8,0.8324896842241288
61,Euphausiacea,801,833,33,0.7296387607401069
62,Euphausiacea,820,836,14,0.8811637844358172
63,Euphausiacea,867,877,11,0.66563572937792
64,Chaetognatha,896,926,26,0.6877108479921634
65,Euphausiacea,914,916,3,0.6408894658088684
66,Euphausiacea,919,947,29,0.8903979638527179
67,Chaetognatha,934,934,1,0.681463897228241
68,Euphausiacea,944,966,23,0.5245916603699975
69,Euphausiacea,966,966,1,0.8247161507606506
70,Euphausiacea,1010,1034,25,0.7780911302566529
72,Euphausiacea,1017,1043,27,0.8891935701723452
71,Euphausiacea,1017,1017,1,0.7455551028251648
73,Vitreosalpa gemini,1040,1070,31,0.6308768689632416
74,Euphausiacea,1058,1092,35,0.7820343903132848
75,Hastigerinella digitata,1080,1109,30,0.5430911302566529
76,Euphausiacea,1088,1090,3,0.5005125304063162
77,Euphausiacea,1094,1133,40,0.7709524527192115
78,Euphausiacea,1129,1132,4,0.8254076540470123
79,Euphausiacea,1133,1133,1,0.7450786828994751
80,Euphausiacea,1137,1169,33,0.8216271888126028
81,Solmissus,1152,1227,76,0.5227985193854886
82,Euphausiacea,1155,1162,8,0.6004587598145008
83,Appendicularia,1168,1193,26,0.3750953278862512
84,Euphausiacea,1282,1294,13,0.6629315454226273
85,Vitreosalpa gemini,1284,1365,82,0.6946372575149306
86,Acanthamunnopsis milleri,1338,1339,2,0.6952145099639893
87,Vitreosalpa gemini,1367,1439,73,0.7050902312749051
88,Euphausiacea,1404,1404,1,0.877752959728241
89,Euphausiacea,1412,1417,5,0.7820229768753052
90,Euphausiacea,1426,1455,30,0.8205055713653564
91,Nanomia bijuga,1466,1489,15,0.3261643558740616
92,Appendicularia,1472,1487,15,0.36499965389569605
93,Nanomia bijuga,1509,1566,58,0.6230286066902095
94,krill molt,1550,1550,1,0.6642769575119019
95,Euphausiacea,1577,1610,34,0.8050335522960212
96,Euphausiacea,1598,1629,29,0.7934102950424984
97,Euphausiacea,1634,1672,39,0.862598732495919
98,Euphausiacea,1661,1697,37,0.5869582504839512
99,Vitreosalpa gemini,1688,1699,12,0.7066051910320919
100,Aegina,1734,1774,41,0.611012381751363
101,Nanomia bijuga,1764,1870,107,0.7436121934763736
102,Euphausiacea,1765,1765,1,0.6640320420265198
103,Beroe,1769,1813,45,0.7731048822402953
104,Euphausiacea,1829,1850,22,0.4369610754603689
105,Euphausiacea,1871,1871,1,0.6957743763923645
106,Euphausiacea,1874,1911,38,0.8553899212887414
107,Euphausiacea,1884,1903,20,0.8782545775175093
108,Nanomia bijuga,1919,2068,149,0.7835557284771196
109,Euphausiacea,1941,1942,2,0.8187659382820129
110,Euphausiacea,1999,2002,4,0.6260847374796867
111,Euphausiacea,2003,2003,1,0.6693997979164124
112,Euphausiacea,2014,2015,2,0.6884360611438751
113,Euphausiacea,2053,2064,12,0.6733784154057503
114,Nanomia bijuga,2056,2113,58,0.8877943856962796
115,Euphausiacea,2079,2083,5,0.48539344072341917
116,Medusae,2080,2117,35,0.42973727754184177
117,Euphausiacea,2082,2116,35,0.8050277841942651
118,Euphausiacea,2097,2108,12,0.5003754595915476
119,Euphausiacea,2111,2153,43,0.8814619779586791
120,Acanthamunnopsis milleri,2145,2183,39,0.7771024062083317
121,Chaetognatha,2161,2228,66,0.658981691481489
122,Euphausiacea,2175,2244,66,0.6492797987479152
123,Nanomia bijuga,2208,2304,97,0.8443819945006025
124,Euphausiacea,2213,2219,7,0.6201976878302438
125,Euphausiacea,2223,2244,22,0.738790048794313
126,Euphausiacea,2283,2290,7,0.6016019284725189
127,Euphausiacea,2318,2318,1,0.7796306014060974
128,Euphausiacea,2321,2331,11,0.6886236437342385
129,Euphausiacea,2331,2352,22,0.7941958768801257
130,Euphausiacea,2331,2360,19,0.8420331791827552
131,Euphausiacea,2333,2346,14,0.6917061614138739
132,Euphausiacea,2348,2357,10,0.7040005385875702
133,Chaetognatha,2403,2421,19,0.4832908064126969
134,Euphausiacea,2422,2479,43,0.5804481807836266
135,Euphausiacea,2445,2487,43,0.6883852086787999
136,Nanomia bijuga,2469,2585,117,0.8161076077411317
137,Euphausiacea,2480,2480,1,0.7997878193855286
138,Euphausiacea,2484,2484,1,0.8293720483779907
139,Chaetognatha,2593,2593,1,0.6917394995689392
140,Appendicularia,2633,2671,39,0.6800175553713088
141,Euphausiacea,2674,2697,24,0.6548159482578437
142,Euphausiacea,2726,2756,31,0.6132593308725663
143,Nanomia bijuga,2738,2775,37,0.696939770434354
144,Nanomia bijuga,2746,2846,101,0.7424415196522628
145,Nanomia bijuga,2773,2794,20,0.6135628849267957
146,Chaetognatha,2821,2831,11,0.4659919373013756
147,Nanomia bijuga,2826,2861,33,0.6637342192909933
148,Nanomia bijuga,2829,2848,20,0.8280483633279799
149,Euphausiacea,2904,2910,7,0.3562904638903482
150,Euphausiacea,2918,2920,3,0.5754378040631613
151,Euphausiacea,2934,2997,60,0.7833843588829041
152,Chaetognatha,2986,2996,11,0.5647144290533933
153,Euphausiacea,3017,3043,25,0.646722947359085
154,Solmissus,3067,3093,27,0.4639748323846746
155,Euphausiacea,3087,3106,20,0.8340192645788194
156,Euphausiacea,3138,3154,16,0.5433632908388972
157,Nanomia bijuga,3142,3250,109,0.8057714194879619
158,Actinopterygii,3149,3149,1,0.7271125912666321
159,Euphausiacea,3186,3201,16,0.8990414664149283
160,Euphausiacea,3195,3237,43,0.8235250302525455
161,Euphausiacea,3244,3275,32,0.7977736592292787
162,Chaetognatha,3270,3304,35,0.6148866789681572
163,Euphausiacea,3293,3305,13,0.8160261282554039
164,Euphausiacea,3310,3310,1,0.782158613204956
165,Euphausiacea,3315,3335,21,0.7796684815770102
166,Euphausiacea,3342,3377,36,0.7327221516105864
167,Actinopterygii,3344,3344,1,0.7245650887489319
168,Euphausiacea,3385,3386,2,0.6744050979614258
169,Euphausiacea,3392,3422,14,0.5865246653556823
170,Euphausiacea,3396,3414,19,0.8310473780882988
171,Chaetognatha,3402,3445,44,0.5917062027887865
172,krill molt,3416,3429,13,0.5967488036705897
173,Euphausiacea,3452,3467,16,0.8646421991288661
174,Euphausiacea,3478,3519,42,0.6848281536783491
175,Euphausiacea,3496,3532,37,0.8036660793665292
176,Euphausiacea,3501,3505,5,0.5799879729747772
177,Euphausiacea,3541,3557,17,0.7754069075864904
178,Euphausiacea,3577,3583,7,0.7319785143647874
179,Nanomia bijuga,3601,3622,21,0.4571611412933895
180,Nanomia bijuga,3651,3668,18,0.4372480089465777
181,Nanomia bijuga,3658,3681,24,0.7565619299809139
182,Chaetognatha,3696,3708,13,0.6567964215691273
183,Appendicularia,3717,3763,47,0.6675169062107166
184,Euphausiacea,3768,3773,6,0.7695034245649974
185,Euphausiacea,3818,3856,37,0.7794679524125282
186,Euphausiacea,3934,3960,27,0.810919185479482
187,Cydippida,3942,3962,21,0.6708357092880066
188,Euphausiacea,3950,3989,32,0.7483225641772151
189,Euphausiacea,3972,3976,4,0.8574853986501694
190,Solmissus,3973,4037,65,0.5516734657379299
191,Nanomia bijuga,4003,4009,7,0.509231479040214
192,Euphausiacea,4016,4016,1,0.7387686371803284
193,Nanomia bijuga,4046,4127,81,0.7633810753439678
194,Euphausiacea,4053,4059,4,0.7767885774374008
195,Vitreosalpa gemini,4063,4079,17,0.6079116884399863
196,Nanomia bijuga,4185,4211,27,0.6748047835297056
197,Euphausiacea,4213,4222,10,0.5221804589033127
198,Euphausiacea,4250,4272,18,0.5857217245631747
199,Euphausiacea,4264,4298,5,0.8099049210548401
200,Euphausiacea,4288,4293,6,0.5429669270912806
201,Euphausiacea,4291,4325,35,0.691844165325165
202,Euphausiacea,4321,4330,10,0.7946528971195221
203,Chaetognatha,4343,4350,8,0.6162737160921097
204,Actinopterygii,4351,4405,54,0.5945225015834525
205,Euphausiacea,4364,4364,1,0.7493509650230408
206,Euphausiacea,4377,4383,7,0.7511488582406725
207,Solmissus,4383,4676,293,0.8319909563447021
208,Chaetognatha,4457,4457,1,0.6217246055603027
209,Chaetognatha,4461,4497,37,0.7361416937531652
210,Euphausiacea,4492,4521,30,0.8037340978781383
211,Nanomia bijuga,4501,4505,5,0.32349167168140414
212,Chaetognatha,4533,4680,147,0.5943310605425414
213,Nanomia bijuga,4602,4671,70,0.6361143107925139
214,Solmissus,4627,4661,35,0.7364144938332692
215,Euphausiacea,4653,4692,40,0.7924612320959568
216,Euphausiacea,4690,4694,4,0.4752139374613762
217,Euphausiacea,4739,4759,21,0.7085792933191571
218,Nanomia bijuga,4760,4760,1,0.6406657099723816
219,Euphausiacea,4778,4835,52,0.6576294916180466
220,Beroe,4787,4819,33,0.7634956367088088
221,Nanomia bijuga,4788,4816,29,0.6437644043873095
222,Euphausiacea,4815,4846,32,0.6530497781932354
223,Solmissus,4831,4871,39,0.5248986008839729
225,Euphausiacea,4877,4877,1,0.8334585428237915
226,Euphausiacea,4910,4944,35,0.7494688800403051
227,Euphausiacea,4920,4976,57,0.8332353485258002
228,Acanthamunnopsis milleri,4941,4992,52,0.7816490634129596
229,Euphausiacea,4944,4969,26,0.7200083365807166
230,Euphausiacea,4968,4969,2,0.684270590543747
231,Euphausiacea,5004,5032,21,0.8406371672948202
232,Euphausiacea,5010,5032,21,0.7145963424728031
233,Euphausiacea,5033,5069,37,0.7464250978585837
235,Euphausiacea,5107,5134,27,0.7649469789531497
236,Euphausiacea,5115,5158,43,0.693730574014575
237,Solmissus,5159,5360,202,0.6792604919928723
238,Euphausiacea,5168,5185,18,0.8634174631701576
239,Vitreosalpa gemini,5170,5237,68,0.6752074426587891
240,Vitreosalpa gemini,5180,5279,99,0.6779671087108476
241,Euphausiacea,5187,5204,18,0.5020955536100599
242,Euphausiacea,5209,5214,6,0.6530947983264923
243,Euphausiacea,5210,5214,5,0.6630542874336243
244,Euphausiacea,5227,5227,1,0.8253779411315918
245,Euphausiacea,5234,5258,25,0.7140956187248231
246,Euphausiacea,5284,5288,5,0.8382777690887451
247,Euphausiacea,5301,5313,13,0.40738763717504645
248,Euphausiacea,5328,5331,4,0.7736372500658035
249,Actinopterygii,5335,5352,18,0.4392772908839914
250,Euphausiacea,5338,5377,40,0.8661014169454575
251,Euphausiacea,5363,5397,35,0.7913403630256652
252,Appendicularia,5388,5469,73,0.4245474857010253
253,Chaetognatha,5409,5409,1,0.5513837337493896
254,Acanthamunnopsis milleri,5415,5415,1,0.7892481088638306
255,Appendicularia,5451,5502,52,0.5387205194968442
257,Euphausiacea,5508,5556,49,0.7529723370561794
258,Nanomia bijuga,5593,5788,194,0.8352451332912
259,Euphausiacea,5633,5635,3,0.9196939071019491
260,Chaetognatha,5681,5696,16,0.7182545252144337
261,krill molt,5688,5695,8,0.45040908828377724
262,Vitreosalpa gemini,5690,5711,22,0.5402444709431042
263,Euphausiacea,5695,5718,24,0.6725908232231934
264,Euphausiacea,5706,5716,10,0.5557027995586395
265,Nanomia bijuga,5724,5796,66,0.5500008515787848
266,Euphausiacea,5746,5746,1,0.8382376432418823
267,Euphausiacea,5768,5826,58,0.8356132404557589
268,Euphausiacea,5779,5795,17,0.7082208272288827
269,Euphausiacea,5795,5809,15,0.6428677082061769
270,Euphausiacea,5802,5861,60,0.7214926501115163
271,Euphausiacea,5831,5888,58,0.767603377329892
272,Euphausiacea,5899,5928,29,0.8276551715258894
273,Vitreosalpa gemini,5943,6006,56,0.5460748403732266
274,Euphausiacea,5962,5962,1,0.683073878288269
275,Euphausiacea,6005,6029,25,0.81847247838974
276,Euphausiacea,6079,6085,7,0.4768752540860857
277,Euphausiacea,6118,6133,16,0.8493148423731327
278,Euphausiacea,6135,6139,5,0.7169029116630554
279,Solmissus,6136,6158,23,0.5834487521130106
280,krill molt,6164,6179,8,0.4123743120580912
281,Euphausiacea,6184,6196,13,0.6858530778151294
282,Euphausiacea,6192,6221,30,0.8041882743438085
283,Euphausiacea,6215,6226,12,0.681551550825437
284,Solmissus,6261,6310,50,0.6062253308296203
285,Euphausiacea,6302,6302,1,0.732632577419281
286,Euphausiacea,6318,6337,20,0.7033819712698459
287,Euphausiacea,6320,6379,60,0.7438886900742848
288,Chaetognatha,6354,6373,13,0.5655177029279561
289,Euphausiacea,6405,6425,21,0.4681209723154704
290,Euphausiacea,6433,6460,28,0.802603853600366
291,Euphausiacea,6449,6482,34,0.7968527551959542
292,Nanomia bijuga,6536,6710,174,0.7900286352839967
293,Chaetognatha,6548,6569,21,0.46060017106078915
294,Euphausiacea,6556,6567,12,0.5806355973084769
295,Euphausiacea,6571,6610,40,0.8087413862347606
296,Euphausiacea,6642,6659,17,0.4540802564691094
297,Euphausiacea,6650,6656,7,0.6187343341963631
298,Euphausiacea,6721,6749,13,0.464551370877486
299,Euphausiacea,6727,6735,9,0.6256564557552338
300,Euphausiacea,6743,6775,33,0.640768008701729
301,Nanomia bijuga,6761,6854,94,0.7700607992233115
302,Euphausiacea,6770,6774,4,0.5973875373601913
303,Nanomia bijuga,6788,6896,109,0.848855670165578
304,Euphausiacea,6789,6789,1,0.9323811531066895
305,Chaetognatha,6798,6885,87,0.5769956841551028
306,Nanomia bijuga,6820,6904,85,0.8342500300968393
307,Chaetognatha,6840,6933,94,0.6991740018129349
308,Beroe,6880,6913,34,0.4977606771623387
309,Euphausiacea,6896,6897,2,0.6280174255371094
310,Euphausiacea,6928,6949,22,0.7278248464519327
311,Euphausiacea,6930,6940,8,0.5510880500078201
312,Nanomia bijuga,6960,7052,92,0.742183891489454
313,Actinopterygii,6975,6975,1,0.6008973717689514
314,Nanomia bijuga,6981,7041,58,0.5508826945362421
315,Chaetognatha,7048,7048,1,0.7025790810585022
316,Cydippida,7097,7194,91,0.8104236292970046
317,Chaetognatha,7100,7105,6,0.7344281474749247
318,Euphausiacea,7118,7138,19,0.7498018992574591
319,Nanomia bijuga,7247,7250,4,0.3371502384543419
320,Euphausiacea,7248,7256,7,0.6566336027213505
321,Chaetognatha,7261,7323,62,0.6737003936882943
322,Chaetognatha,7263,7305,43,0.5961790653162226
323,Solmissus,7278,7550,252,0.8189715696942241
324,Nanomia bijuga,7299,7314,16,0.5697708372026682
325,Beroe,7388,7434,47,0.5528864771761794
326,Euphausiacea,7415,7454,39,0.8177511172416883
327,Euphausiacea,7421,7431,2,0.6877048313617706
328,Nanomia bijuga,7467,7467,1,0.793925404548645
329,Medusae,7503,7534,32,0.7309602312743665
330,Euphausiacea,7588,7599,12,0.784759521484375
331,Vitreosalpa gemini,7628,7628,1,0.5690961480140686
332,Chaetognatha,7628,7636,9,0.7324333786964417
333,Nanomia bijuga,7629,7745,117,0.8783833776783743
334,Euphausiacea,7634,7639,6,0.6808234403530756
335,Hastigerinella digitata,7640,7662,23,0.5587013895096987
336,Euphausiacea,7655,7665,11,0.8545196002179926
337,Hastigerinella digitata,7693,7745,53,0.8508412433120438
338,Nanomia bijuga,7733,7757,25,0.798010256290436
339,Nanomia bijuga,7804,7861,55,0.6498700448057868
340,Beroe,7815,7847,33,0.6177754483439706
341,Nanomia bijuga,7842,7922,79,0.7291376866117307
342,Nanomia bijuga,7843,7847,5,0.4280735343694687
343,Nanomia bijuga,7852,7950,99,0.8078320083594084
344,Nanomia bijuga,7975,7975,1,0.6475822329521179
345,Euphausiacea,8005,8021,17,0.6860894280321458
346,Euphausiacea,8016,8024,7,0.3701612204313278
347,Euphausiacea,8034,8094,60,0.7929232500493527
348,Euphausiacea,8042,8049,7,0.7244902338300433
349,Nanomia bijuga,8072,8090,16,0.5003268262371421
350,Nanomia bijuga,8124,8251,127,0.7830296804116463
351,Nanomia bijuga,8175,8213,39,0.7039073079060286
352,Nanomia bijuga,8237,8251,15,0.812130069732666
353,Euphausiacea,8336,8356,21,0.7257732209705172
354,Euphausiacea,8399,8415,16,0.7531069107353687
355,Euphausiacea,8483,8485,3,0.6642330288887024
356,Chaetognatha,8495,8515,21,0.6261630881400336
357,Nanomia bijuga,8517,8538,21,0.46217375638939096
358,Cydippida,8517,8613,96,0.5708219542478525
359,Nanomia bijuga,8526,8534,7,0.48462988649095806
360,Euphausiacea,8543,8553,11,0.4817005016586997
361,Chaetognatha,8558,8570,13,0.42276336596562314
362,Nanomia bijuga,8558,8597,28,0.4721945907388415
363,Euphausiacea,8564,8564,1,0.8455700874328613
364,Euphausiacea,8568,8597,30,0.8643339991569521
365,Euphausiacea,8605,8634,30,0.8279980977376301
366,Cydippida,8617,8633,16,0.4629833232611418
367,Solmissus,8636,8675,40,0.5727596620097757
368,Nanomia bijuga,8658,8669,12,0.48870907723903667
369,Actinopterygii,8675,8704,30,0.4915435671806336
370,Nanomia bijuga,8693,8742,49,0.8226041453225272
371,Nanomia bijuga,8722,8761,36,0.45173207960195005
372,Nanomia bijuga,8742,8810,68,0.6720875825952083
373,Poeobius meseres,8763,8807,45,0.4516894744502174
374,Nanomia bijuga,8818,8818,1,0.5970413684844971
375,Nanomia bijuga,8843,8848,6,0.3351319804787636
376,Nanomia bijuga,8848,8848,1,0.5756780505180359
377,Nanomia bijuga,8957,8957,1,0.46065446734428406
378,Nanomia bijuga,9001,9010,10,0.4374706633388996
379,Nanomia bijuga,9004,9005,2,0.3372911363840103
380,Nanomia bijuga,9016,9022,7,0.6801864802837372
381,Nanomia bijuga,9040,9045,6,0.35665343453486764
382,Euphausiacea,9046,9077,32,0.8105410262942315
383,Chaetognatha,9099,9131,33,0.6858725927092815
384,Chaetognatha,9109,9177,69,0.728443563416384
385,Euphausiacea,9176,9224,49,0.8018348508951615
386,Chaetognatha,9224,9229,6,0.6052031864722569
387,Euphausiacea,9226,9238,13,0.7470597349680387
388,Chaetognatha,9235,9235,1,0.7222186923027039
389,krill molt,9264,9326,63,0.5748372267162988
390,Euphausiacea,9328,9351,23,0.66784558866335
391,Vitreosalpa gemini,9338,9344,5,0.5961506605148316
392,Medusae,9343,9424,80,0.6573632679879666
393,Euphausiacea,9347,9361,15,0.753502990802129
394,Nanomia bijuga,9348,9441,92,0.7856426187183547
395,Euphausiacea,9410,9435,26,0.7612215395157154
396,Nanomia bijuga,9445,9574,130,0.7922289951489523
397,Beroe,9470,9496,27,0.5905691296965986
398,Chaetognatha,9504,9533,29,0.6655916643553766
399,Euphausiacea,9630,9653,24,0.42684440283725655
400,Chaetognatha,9650,9669,19,0.6746156498005517
401,Nanomia bijuga,9685,9691,7,0.6046042229448046
402,Nanomia bijuga,9764,9844,79,0.6388397205479537
403,Chaetognatha,9807,9807,1,0.7826999425888062
404,Chaetognatha,9822,9833,12,0.8109728842973709
405,Chaetognatha,9847,9871,25,0.7909576869010925
406,krill molt,9906,9958,53,0.5429667779859507
407,Euphausiacea,9921,9940,20,0.6139933638274669
408,Medusae,9923,9981,59,0.5952303207526772
409,Nanomia bijuga,10007,10017,11,0.44705881449309254
410,Euphausiacea,10042,10071,30,0.7109482894341149
411,Cydippida,10073,10125,53,0.5068942986007007
412,Nanomia bijuga,10112,10128,13,0.42187355458736414
413,Nanomia bijuga,10136,10142,7,0.24198676220008306
414,Chaetognatha,10215,10215,1,0.7406942248344421
415,Chaetognatha,10221,10235,15,0.8100634892781575
416,Chaetognatha,10239,10263,25,0.6672566008567812
417,Nanomia bijuga,10266,10274,9,0.4465392231941223
418,Euphausiacea,10297,10321,25,0.6897656750679017
419,Nanomia bijuga,10335,10374,40,0.7371848935261368
420,Vitreosalpa gemini,10371,10386,16,0.6241217572242019
421,Euphausiacea,10401,10403,3,0.5120703478654226
422,Nanomia bijuga,10408,10414,7,0.3706765813486917
423,krill molt,10441,10495,37,0.5155490548224061
424,Euphausiacea,10488,10529,42,0.7613311849889298
425,Nanomia bijuga,10539,10554,16,0.4151815325021744
426,Appendicularia,10562,10568,7,0.5728091682706561
427,Nanomia bijuga,10575,10575,1,0.5944150686264038
428,Nanomia bijuga,10617,10620,4,0.32068997994065285
429,Euphausiacea,10660,10670,11,0.45847112549976865
430,Euphausiacea,10684,10698,15,0.7696778456370037
431,Chaetognatha,10684,10703,20,0.7235156789422035
432,Euphausiacea,10693,10729,37,0.8363963864945076
433,Nanomia bijuga,10697,10721,25,0.47585573315620416
434,krill molt,10712,10727,16,0.4691100362688303
435,Chaetognatha,10731,10759,29,0.6503753929302609
436,Nanomia bijuga,10748,10906,152,0.8346388988981125
437,Beroe,10833,10860,28,0.6752085398350444
438,Chaetognatha,10841,10841,1,0.5552002191543579
439,Chaetognatha,10845,10845,1,0.6845417022705078
440,Nanomia bijuga,10849,10897,49,0.6483087338963334
441,Nanomia bijuga,10859,10915,57,0.8366457610799554
442,Solmissus,10871,10878,8,0.686145044863224
443,Chaetognatha,10886,10886,1,0.6865271329879761
444,Nanomia bijuga,10915,10921,6,0.4695064127445221
445,Solmissus,10953,11173,221,0.8122050857247269
446,Nanomia bijuga,11062,11063,2,0.35546067357063293
447,Euphausiacea,11103,11120,18,0.8424944480260212
448,Euphausiacea,11111,11167,25,0.6116243034601214
449,Nanomia bijuga,11126,11132,6,0.5223175336917242
450,Nanomia bijuga,11145,11217,73,0.8158658587769285
451,Chaetognatha,11165,11175,11,0.7153138139031152
452,Chaetognatha,11310,11374,65,0.6597060877543229
453,Nanomia bijuga,11391,11424,34,0.4134315155884799
454,Nanomia bijuga,11418,11462,45,0.8452317820654978
455,Euphausiacea,11441,11441,1,0.8459625840187073
456,Nanomia bijuga,11583,11583,1,0.7329116463661194
457,Nanomia bijuga,11594,11598,5,0.7162557721138001
458,Vitreosalpa gemini,11625,11673,49,0.5704403221607208
459,Euphausiacea,11633,11670,38,0.7380197142299854
460,Euphausiacea,11684,11691,6,0.8309632241725922
461,Nanomia bijuga,11689,11723,34,0.6506704696837594
462,Chaetognatha,11811,11835,25,0.7708175635337831
463,Actinopterygii,11814,12028,214,0.6675631084314014
464,Chaetognatha,11850,11860,11,0.7148833654143593
465,Pyrosoma,11854,12181,321,0.6530290654515176
466,Chaetognatha,11886,11911,26,0.8281138951961812
467,Nanomia bijuga,11913,12023,111,0.7087202904460665
468,Chaetognatha,11944,11961,18,0.6040399173895517
469,Chaetognatha,11954,11966,13,0.6199085116386414
470,Vitreosalpa gemini,11959,11998,40,0.6202856652438641
471,Euphausiacea,12022,12024,3,0.47210968534151715
472,Nanomia bijuga,12047,12053,7,0.5332178601196834
473,Medusae,12061,12126,66,0.42610667239535954
474,Nanomia bijuga,12105,12115,10,0.3741377800703049
475,Nanomia bijuga,12144,12191,47,0.6647218034622515
476,Solmissus,12240,12349,110,0.5835993831807916
477,Euphausiacea,12261,12305,45,0.514473945564694
478,Appendicularia,12262,12323,62,0.7033100580015492
479,Chaetognatha,12314,12383,69,0.7691509045552513
480,Chaetognatha,12337,12337,1,0.7106279134750366
481,Chaetognatha,12415,12446,32,0.7137300251051781
482,Euphausiacea,12445,12472,28,0.6229793078133037
483,Chaetognatha,12473,12492,19,0.5668240895396784
484,Nanomia bijuga,12552,12559,8,0.45651483535766607
485,Nanomia bijuga,12654,12675,16,0.47422783076763164
486,Chaetognatha,12660,12683,24,0.6429240728418032
487,Nanomia bijuga,12804,12815,12,0.4162307617564996
488,Nanomia bijuga,12897,12898,2,0.5937114804983139
489,Chaetognatha,12900,12906,6,0.6711054841677349
490,Nanomia bijuga,12948,12951,4,0.5461602061986923
491,Nanomia bijuga,12962,13018,57,0.8227586009000476
492,Nanomia bijuga,13002,13022,13,0.3047182777753243
493,Nanomia bijuga,13023,13034,12,0.4650931184490522
494,Nanomia bijuga,13038,13040,3,0.44103660186131793
495,Nanomia bijuga,13053,13139,86,0.7234381536065146
496,Nanomia bijuga,13055,13061,7,0.44282509599413195
497,Euphausiacea,13145,13145,1,0.6677296757698059
498,Euphausiacea,13163,13182,20,0.8123499155044556
499,Nanomia bijuga,13164,13166,3,0.5366127689679464
500,Aegina,13213,13213,1,0.5892735123634338
501,Aegina,13224,13263,39,0.49242107302714616
502,Euphausiacea,13241,13252,12,0.41540441289544106
503,Nanomia bijuga,13255,13256,2,0.6503395736217499
504,Euphausiacea,13257,13303,47,0.7719181281455021
505,Nanomia bijuga,13260,13298,39,0.8426808072970463
506,Beroe,13269,13319,51,0.6888198154229741
507,Nanomia bijuga,13273,13280,8,0.5983850993216038
508,Nanomia bijuga,13341,13388,43,0.7233038083758467
509,Nanomia bijuga,13415,13415,1,0.5293059349060059
510,Nanomia bijuga,13431,13437,7,0.31873766332864756
511,Nanomia bijuga,13460,13536,76,0.81205694691131
512,Cydippida,13631,13689,58,0.7842961380193971
513,Nanomia bijuga,13643,13657,13,0.28719835671094746
514,Euphausiacea,13667,13724,54,0.7871573777110488
515,Nanomia bijuga,13735,13741,7,0.3683757654258183
516,Nanomia bijuga,13809,13812,4,0.4598993733525276
517,Nanomia bijuga,13811,13849,39,0.6606259223742365
518,Chaetognatha,13860,13875,16,0.7139762081205845
519,Nanomia bijuga,13861,13897,37,0.7888319862855446
520,Chaetognatha,13956,14071,115,0.6591970254545629
521,Nanomia bijuga,13974,14009,35,0.6032410476888931
522,Chaetognatha,13995,13995,1,0.8373856544494629
523,Euphausiacea,14077,14082,6,0.5236542373895645
524,Nanomia bijuga,14120,14135,16,0.39152596425265074
525,Euphausiacea,14229,14308,76,0.7270916862119184
526,krill molt,14248,14248,1,0.5003560781478882
527,Appendicularia,14253,14277,24,0.7243996262550355
528,Nanomia bijuga,14320,14321,2,0.33487744629383087
529,Nanomia bijuga,14351,14355,4,0.4751586988568306
530,Nanomia bijuga,14400,14412,11,0.3986676321788268
531,Chaetognatha,14457,14457,1,0.5249006748199463
532,Radiozoa,14462,14528,67,0.6424088131135965
533,Nanomia bijuga,14515,14529,15,0.4913858811060588
534,Nanomia bijuga,14530,14530,1,0.6575457453727722
535,Nanomia bijuga,14542,14550,9,0.3461541740430726
536,Euphausiacea,14604,14616,11,0.6003718619996851
538,Euphausiacea,14638,14651,14,0.7125140087945121
539,Nanomia bijuga,14661,14661,1,0.4947478473186493
540,Nanomia bijuga,14705,14779,74,0.8537330724097585
541,Vitreosalpa gemini,14717,14731,15,0.5206437647342682
542,Chaetognatha,14737,14744,8,0.5228864476084709
543,Nanomia bijuga,14753,14753,1,0.45159244537353516
544,Euphausiacea,14761,14801,41,0.7680336273298028
545,Chaetognatha,14839,14839,1,0.605381429195404
546,Euphausiacea,14845,14851,6,0.6364667216936747
547,Euphausiacea,14853,14874,22,0.580900472673503
548,Nanomia bijuga,14855,14886,22,0.3804723921824585
549,Vitreosalpa gemini,14935,14973,39,0.6509181268704242
550,Nanomia bijuga,15073,15205,130,0.7078083556431991
551,Chaetognatha,15098,15098,1,0.7439435124397278
552,Euphausiacea,15112,15156,40,0.7426608499139548
553,Nanomia bijuga,15128,15278,151,0.787773087719418
554,Nanomia bijuga,15143,15211,69,0.8671778112218002
555,Beroe,15159,15159,1,0.5562301278114319
556,Beroe,15163,15183,21,0.5296221418040139
557,Acanthamunnopsis milleri,15172,15200,29,0.7921696408041593
558,Beroe,15266,15326,61,0.529429409836159
559,Chaetognatha,15314,15343,30,0.8232490301132201
560,Nanomia bijuga,15332,15336,5,0.5724666759371757
561,Nanomia bijuga,15396,15416,21,0.46015276511510217
562,Nanomia bijuga,15476,15504,27,0.5175950990782845
563,Euphausiacea,15487,15508,22,0.74712833897634
564,Nanomia bijuga,15509,15510,2,0.3520410507917404
565,Euphausiacea,15527,15530,4,0.5377523638308048
566,Nanomia bijuga,15627,15629,3,0.5438371499379476
567,Nanomia bijuga,15633,15653,21,0.6922759200845445
568,Nanomia bijuga,15647,15652,6,0.35763569424549735
569,Cydippida,15670,15708,39,0.6445328982976767
570,Euphausiacea,15690,15690,1,0.7772383689880371
572,Euphausiacea,15719,15729,11,0.7786729064854708
573,Euphausiacea,15803,15875,73,0.7904346948617126
574,Nanomia bijuga,15844,15886,43,0.6854433590589568
575,Nanomia bijuga,15854,15896,43,0.7465850350468659
576,Aegina,15872,15924,53,0.5586068292833725
577,Solmissus,15924,15932,8,0.5478428564965725
578,Euphausiacea,15995,16006,12,0.5143025641640027
579,Chaetognatha,16008,16039,32,0.8335246201604605
580,Nanomia bijuga,16014,16014,1,0.7608237862586975
581,Vitreosalpa gemini,16046,16076,24,0.430078628162543
582,Nanomia bijuga,16061,16066,6,0.5403459370136261
583,Chaetognatha,16097,16115,19,0.6108161493351586
584,Nanomia bijuga,16114,16221,108,0.7837414755313485
585,Euphausiacea,16123,16152,22,0.48596121912652795
586,Chaetognatha,16124,16144,21,0.7016777580692655
587,Chaetognatha,16179,16244,66,0.5986710448156701
588,Appendicularia,16194,16257,60,0.5091339806715646
589,Vitreosalpa gemini,16203,16279,77,0.6172028292309156
590,Appendicularia,16237,16282,46,0.5329608567382979
591,Nanomia bijuga,16323,16334,11,0.4941365854306654
592,Euphausiacea,16335,16392,58,0.7643115325220703
593,Solmissus,16348,16411,63,0.5223368185143621
594,Beroe,16371,16432,62,0.718718134587811
595,Nanomia bijuga,16497,16685,172,0.6219995626529979
596,Chaetognatha,16633,16678,43,0.8373278268547946
597,Chaetognatha,16762,16791,30,0.6802870849768321
598,Chaetognatha,16829,16840,12,0.6276020233829817
599,Nanomia bijuga,16854,16877,23,0.5170083765102469
600,Nanomia bijuga,16886,16889,4,0.4426695816218853
601,Chaetognatha,17076,17145,70,0.5109955489635468
602,Nanomia bijuga,17116,17116,1,0.5446592569351196
603,Nanomia bijuga,17124,17124,1,0.6289379000663757
604,Nanomia bijuga,17128,17151,24,0.5902780406177046
605,Euphausiacea,17284,17317,34,0.7068344687714296
606,Vitreosalpa gemini,17299,17299,1,0.6450986266136169
607,Cydippida,17311,17372,62,0.8582706984973724
608,Nanomia bijuga,17320,17323,4,0.49479900300502777
609,Chaetognatha,17322,17336,15,0.6947971423467
610,Hastigerinella digitata,17362,17411,50,0.7789088875055313
611,Nanomia bijuga,17385,17424,40,0.7303810998797419
612,Beroe,17421,17479,59,0.5565429339974614
613,Chaetognatha,17467,17528,61,0.6202574035183328
614,Nanomia bijuga,17479,17480,2,0.2989577651023865
615,Nanomia bijuga,17532,17577,46,0.7184843719005584
616,Appendicularia,17536,17565,30,0.6004090393582979
617,Nanomia bijuga,17589,17591,2,0.6173303425312042
618,Medusae,17689,17710,21,0.6597722343036105
619,Nanomia bijuga,17725,17739,15,0.4182335694630941
620,Chaetognatha,17728,17728,1,0.6900589466094971
621,Chaetognatha,17734,17747,14,0.7685129791498184
622,Chaetognatha,17800,18020,219,0.6584566513833389
623,Vitreosalpa gemini,17909,17932,24,0.6684455666691065
624,Chaetognatha,17975,17995,21,0.7205399714765094
625,Medusae,17999,18027,29,0.5858068681996446
626,Chaetognatha,18017,18021,5,0.5937918186187744
627,Nanomia bijuga,18038,18054,11,0.42518919977274805
628,Nanomia bijuga,18058,18064,7,0.4867200085094997
629,Nanomia bijuga,18074,18195,117,0.7969939349553524
630,Cydippida,18074,18108,35,0.8361623593739101
631,Chaetognatha,18116,18124,9,0.5639612873395284
632,Actinopterygii,18144,18149,6,0.30962537353237474
633,Euphausiacea,18246,18246,1,0.762969434261322
634,Euphausiacea,18264,18279,4,0.8588608652353287
635,Chaetognatha,18315,18389,73,0.6895618257049011
636,Chaetognatha,18378,18429,50,0.5705761444568634
637,Euphausiacea,18410,18452,43,0.7974529391111328
638,Euphausiacea,18441,18464,24,0.6385348190863928
639,Euphausiacea,18483,18496,14,0.8620588566575731
640,Chaetognatha,18527,18527,1,0.5745125412940979
641,Chaetognatha,18536,18552,17,0.7041076877537895
642,Euphausiacea,18570,18570,1,0.6705977916717529
643,Cydippida,18591,18649,59,0.6907340515468081
644,Nanomia bijuga,18699,18754,55,0.6401172226125543
645,Solmissus,18727,18779,53,0.6626501971820613
646,Vitreosalpa gemini,18747,18749,3,0.43464070558547974
647,Cydippida,18753,18860,101,0.8241062769205264
648,Nanomia bijuga,18815,18831,7,0.4409049834523882
649,Actinopterygii,18834,18856,23,0.5994036670612252
650,Nanomia bijuga,18838,18853,16,0.6819576248526572
651,Nanomia bijuga,18841,18876,36,0.5889414300521215
652,Euphausiacea,18881,18900,18,0.4696088747845755
653,Nanomia bijuga,18913,18953,41,0.57246908291084
654,Chaetognatha,18932,18932,1,0.7073359489440918
655,Vitreosalpa gemini,18979,19004,25,0.5560841000080108
656,Euphausiacea,19013,19028,16,0.7217630017548798
657,Nanomia bijuga,19057,19068,12,0.4128280704220135
658,Chaetognatha,19118,19118,1,0.581142783164978
659,Nanomia bijuga,19202,19217,16,0.36581611260771757
660,krill molt,19214,19275,62,0.49650830691379894
661,Euphausiacea,19215,19239,25,0.7077955234050749
662,Nanomia bijuga,19239,19244,5,0.5593526721000671
663,Euphausiacea,19246,19263,18,0.5545610106653636
664,Nanomia bijuga,19248,19317,65,0.6769102206596962
665,Nanomia bijuga,19281,19308,18,0.5330880069070391
666,Nanomia bijuga,19289,19428,139,0.8166442086799537
667,Nanomia bijuga,19339,19488,150,0.7852945693333943
668,Chaetognatha,19354,19363,10,0.5673023760318756
669,Nanomia bijuga,19367,19499,132,0.8173571646665079
670,Euphausiacea,19382,19404,23,0.6835673645786616
671,Euphausiacea,19392,19412,21,0.5192305615970068
672,Nanomia bijuga,19469,19482,13,0.5477571212328398
673,Nanomia bijuga,19512,19514,3,0.5773524840672811
674,Vitreosalpa gemini,19518,19529,10,0.4048033863306046
675,Solmissus,19545,19711,167,0.7744138990333691
676,Chaetognatha,19574,19580,7,0.6942763839449201
677,Euphausiacea,19598,19607,10,0.6595995903015137
678,Nanomia bijuga,19649,19739,90,0.6926261939936216
679,Nanomia bijuga,19663,19675,12,0.6355664481719334
680,Nanomia bijuga,19740,19792,53,0.7142525365892446
681,Vitreosalpa gemini,19777,19818,42,0.5958053207113628
682,Chaetognatha,19814,19909,93,0.8181786000408154
683,Euphausiacea,19830,19880,51,0.7949225680500852
684,Cydippida,19898,19959,61,0.6523186378791683
685,Appendicularia,19913,19967,55,0.4304137500849637
686,Chaetognatha,19936,19941,6,0.7695397237936655
687,Cydippida,19967,20059,93,0.4898449204942232
688,Appendicularia,19991,20012,22,0.6858472932468761
689,Nanomia bijuga,20132,20219,88,0.7205723358148877
690,Nanomia bijuga,20150,20169,19,0.5672303006837243
691,Nanomia bijuga,20168,20305,138,0.8267637365970059
692,Nanomia bijuga,20195,20212,18,0.5170989880959193
693,Chaetognatha,20201,20208,8,0.7326031811535358
694,Cydippida,20326,20341,16,0.6640655472874641
695,Nanomia bijuga,20327,20330,3,0.5991797049840292
696,Nanomia bijuga,20343,20353,11,0.6291248364882036
697,Nanomia bijuga,20357,20416,60,0.8039657384157181
698,Euphausiacea,20378,20381,4,0.5198911651968956
699,Nanomia bijuga,20476,20487,10,0.43402318954467767
700,krill molt,20512,20541,29,0.5927553978459589
701,Nanomia bijuga,20540,20689,144,0.8478753757145673
702,Vitreosalpa gemini,20549,20549,1,0.6629367470741272
703,Acanthamunnopsis milleri,20563,20590,28,0.8037041617291313
704,sinker,20601,20623,23,0.5338472892408785
705,Chaetognatha,20676,20680,5,0.4729918122291565
706,Euphausiacea,20694,20702,9,0.7269732885890536
707,Cydippida,20698,20761,62,0.6309072620445683
708,Chaetognatha,20707,20720,13,0.7308944188631499
709,Beroe,20767,20813,47,0.6799175289083036
710,Chaetognatha,20771,20771,1,0.7693665623664856
711,Nanomia bijuga,20852,20889,37,0.5462888237592336
712,Nanomia bijuga,20912,20934,20,0.38056599572300914
713,Chaetognatha,20991,21001,11,0.6268604072657498
714,Chaetognatha,21023,21041,19,0.5596502188004945
715,Chaetognatha,21046,21073,28,0.7067358387368066
716,Nanomia bijuga,21047,21118,71,0.6713247059936254
717,Appendicularia,21088,21107,20,0.45036720782518386
718,Nanomia bijuga,21113,21115,3,0.5219776183366776
719,Nanomia bijuga,21141,21145,5,0.5363964140415192
720,Nanomia bijuga,21195,21207,13,0.7916186772860014
721,Nanomia bijuga,21228,21270,43,0.8288177778554516
722,Nanomia bijuga,21283,21294,12,0.47464218363165855
723,Chaetognatha,21287,21317,30,0.5935321271419527
724,Vitreosalpa gemini,21307,21445,134,0.49351676058635785
725,Nanomia bijuga,21309,21355,47,0.5215986513711037
726,Euphausiacea,21349,21399,51,0.8204411408480474
727,Euphausiacea,21351,21363,13,0.8067188354638906
728,Nanomia bijuga,21353,21443,91,0.8453474870094883
729,Euphausiacea,21377,21384,7,0.5005962806088583
730,Nanomia bijuga,21407,21518,111,0.8483219208481074
731,Nanomia bijuga,21469,21506,29,0.5270293653011322
732,Appendicularia,21487,21605,113,0.5950786959281013
733,Vitreosalpa gemini,21516,21550,34,0.7026336070369272
734,Euphausiacea,21539,21559,21,0.8040573852402824
735,Chaetognatha,21602,21642,38,0.5462131594356738
736,Nanomia bijuga,21603,21619,16,0.4522731835022569
737,Appendicularia,21615,21615,1,0.6008959412574768
738,Euphausiacea,21675,21705,31,0.6952030004993561
739,Euphausiacea,21728,21736,9,0.7114072508282132
740,Nanomia bijuga,21734,21791,57,0.8375059523080526
741,Nanomia bijuga,21737,21784,46,0.696719036154125
742,Cydippida,21738,21809,69,0.49965841582287923
743,Chaetognatha,21758,21767,10,0.7945922791957856
744,Nanomia bijuga,21766,21802,37,0.47819842237073024
745,Euphausiacea,21790,21805,16,0.734805703163147
746,Radiozoa,21877,21949,73,0.5608099666360306
747,Vitreosalpa gemini,21897,21935,38,0.6708217122052844
748,Aegina,21912,21966,55,0.55271607095545
749,Nanomia bijuga,21966,21966,1,0.6832482814788818
750,Nanomia bijuga,22025,22116,89,0.7304546201831839
751,Nanomia bijuga,22031,22040,10,0.8355592072010041
752,Chaetognatha,22045,22128,84,0.6034656278789042
753,Chaetognatha,22126,22142,17,0.7407734674565931
754,Nanomia bijuga,22227,22383,157,0.7922826418831089
755,Nanomia bijuga,22276,22408,131,0.8432734278777175
756,Vitreosalpa gemini,22292,22342,44,0.41198399222709925
757,Vitreosalpa gemini,22306,22344,39,0.635730640246318
758,Chaetognatha,22329,22343,13,0.6263910256899321
759,Euphausiacea,22485,22504,18,0.5394159952799479
760,Beroe,22545,22597,53,0.5378669770258779
761,Euphausiacea,22628,22649,22,0.759203179316087
762,Nanomia bijuga,22631,22631,1,0.6460690498352051
763,Nanomia bijuga,22636,22660,25,0.7994326758384704
764,Nanomia bijuga,22692,22717,26,0.6490091830492019
